Date,Adj Close,Close,High,Low,Open,Volume,TargetClose
,AAPL,AAPL,AAPL,AAPL,AAPL,AAPL,
2024-03-13,169.58663940429688,171.1300048828125,173.19000244140625,170.75999450683594,172.77000427246094,52488700,173.0
2024-03-14,171.4397735595703,173.0,174.30999755859375,172.0500030517578,172.91000366210938,72913500,172.6199951171875
2024-03-15,171.0631866455078,172.6199951171875,172.6199951171875,170.2899932861328,171.1699981689453,121752700,173.72000122070312
2024-03-18,172.15325927734375,173.72000122070312,177.7100067138672,173.52000427246094,175.57000732421875,75604200,176.0800018310547
2024-03-19,174.4919891357422,176.0800018310547,176.61000061035156,173.02999877929688,174.33999633789062,55215200,178.6699981689453
2024-03-20,177.05860900878906,178.6699981689453,178.6699981689453,175.08999633789062,175.72000122070312,53423100,171.3699951171875
2024-03-21,169.82444763183594,171.3699951171875,177.49000549316406,170.83999633789062,177.0500030517578,106181300,172.27999877929688
2024-03-22,170.7262420654297,172.27999877929688,173.0500030517578,170.05999755859375,171.75999450683594,71160100,170.85000610351562
2024-03-25,169.30914306640625,170.85000610351562,171.94000244140625,169.4499969482422,170.57000732421875,54288300,169.7100067138672
2024-03-26,168.17941284179688,169.7100067138672,171.4199981689453,169.5800018310547,170.0,57388400,173.30999755859375
2024-03-27,171.7469482421875,173.30999755859375,173.60000610351562,170.11000061035156,170.41000366210938,60273300,171.47999572753906
2024-03-28,169.93345642089844,171.47999572753906,172.22999572753906,170.50999450683594,171.75,65672700,170.02999877929688
2024-04-01,168.49655151367188,170.02999877929688,171.25,169.47999572753906,171.19000244140625,46240500,168.83999633789062
2024-04-02,167.31724548339844,168.83999633789062,169.33999633789062,168.22999572753906,169.0800018310547,49329500,169.64999389648438
2024-04-03,168.11996459960938,169.64999389648438,170.67999267578125,168.5800018310547,168.7899932861328,47691700,168.82000732421875
2024-04-04,167.29747009277344,168.82000732421875,171.9199981689453,168.82000732421875,170.2899932861328,53704400,169.5800018310547
2024-04-05,168.05059814453125,169.5800018310547,170.38999938964844,168.9499969482422,169.58999633789062,42104800,168.4499969482422
2024-04-08,166.9307861328125,168.4499969482422,169.1999969482422,168.24000549316406,169.02999877929688,37425500,169.6699981689453
2024-04-09,168.13978576660156,169.6699981689453,170.0800018310547,168.35000610351562,168.6999969482422,42373800,167.77999877929688
2024-04-10,166.26681518554688,167.77999877929688,169.08999633789062,167.11000061035156,168.8000030517578,49709300,175.0399932861328
2024-04-11,173.46133422851562,175.0399932861328,175.4600067138672,168.16000366210938,168.33999633789062,91070300,176.5500030517578
2024-04-12,174.95773315429688,176.5500030517578,178.36000061035156,174.2100067138672,174.25999450683594,101670900,172.69000244140625
2024-04-15,171.13255310058594,172.69000244140625,176.6300048828125,172.5,175.36000061035156,73531800,169.3800048828125
2024-04-16,167.8524169921875,169.3800048828125,173.75999450683594,168.27000427246094,171.75,73711200,168.0
2024-04-17,166.48484802246094,168.0,170.64999389648438,168.0,169.61000061035156,50901200,167.0399932861328
2024-04-18,165.5334930419922,167.0399932861328,168.63999938964844,166.5500030517578,168.02999877929688,43122900,165.0
2024-04-19,163.5119171142578,165.0,166.39999389648438,164.0800018310547,166.2100067138672,68149400,165.83999633789062
2024-04-22,164.3443145751953,165.83999633789062,167.25999450683594,164.77000427246094,165.52000427246094,48116400,166.89999389648438
2024-04-23,165.39476013183594,166.89999389648438,167.0500030517578,164.9199981689453,165.35000610351562,49537800,169.02000427246094
2024-04-24,167.4956512451172,169.02000427246094,169.3000030517578,166.2100067138672,166.5399932861328,48251800,169.88999938964844
2024-04-25,168.35780334472656,169.88999938964844,170.61000061035156,168.14999389648438,169.52999877929688,50558300,169.3000030517578
2024-04-26,167.77310180664062,169.3000030517578,171.33999633789062,169.17999267578125,169.8800048828125,44838400,173.5
2024-04-29,171.9352264404297,173.5,176.02999877929688,173.10000610351562,173.3699951171875,68169400,170.3300018310547
2024-04-30,168.7938232421875,170.3300018310547,174.99000549316406,170.0,173.3300018310547,65934800,169.3000030517578
2024-05-01,167.77310180664062,169.3000030517578,172.7100067138672,169.11000061035156,169.5800018310547,50383100,173.02999877929688
2024-05-02,171.46949768066406,173.02999877929688,173.4199981689453,170.88999938964844,172.50999450683594,94214900,183.3800048828125
2024-05-03,181.7261505126953,183.3800048828125,187.0,182.66000366210938,186.64999389648438,163224100,181.7100067138672
2024-05-06,180.0712127685547,181.7100067138672,184.1999969482422,180.4199981689453,182.35000610351562,78569700,182.39999389648438
2024-05-07,180.7549591064453,182.39999389648438,184.89999389648438,181.32000732421875,183.4499969482422,77305800,182.74000549316406
2024-05-08,181.0919189453125,182.74000549316406,183.07000732421875,181.4499969482422,182.85000610351562,45057100,184.57000732421875
2024-05-09,182.90542602539062,184.57000732421875,184.66000366210938,182.11000061035156,182.55999755859375,48983000,183.0500030517578
2024-05-10,181.64517211914062,183.0500030517578,185.08999633789062,182.1300048828125,184.89999389648438,50759500,186.27999877929688
2024-05-13,184.8503875732422,186.27999877929688,187.10000610351562,184.6199951171875,185.44000244140625,72044800,187.42999267578125
2024-05-14,185.9915313720703,187.42999267578125,188.3000030517578,186.2899932861328,187.50999450683594,52393600,189.72000122070312
2024-05-15,188.2639617919922,189.72000122070312,190.64999389648438,187.3699951171875,187.91000366210938,70400000,189.83999633789062
2024-05-16,188.383056640625,189.83999633789062,191.10000610351562,189.66000366210938,190.47000122070312,52845200,189.8699951171875
2024-05-17,188.41281127929688,189.8699951171875,190.80999755859375,189.17999267578125,189.50999450683594,41282900,191.0399932861328
2024-05-20,189.57382202148438,191.0399932861328,191.9199981689453,189.00999450683594,189.3300018310547,44361300,192.35000610351562
2024-05-21,190.87379455566406,192.35000610351562,192.72999572753906,190.9199981689453,191.08999633789062,42309400,190.89999389648438
2024-05-22,189.43492126464844,190.89999389648438,192.82000732421875,190.27000427246094,192.27000427246094,34648500,186.8800048828125
2024-05-23,185.44578552246094,186.8800048828125,191.0,186.6300048828125,190.97999572753906,51005900,189.97999572753906
2024-05-24,188.52197265625,189.97999572753906,190.5800018310547,188.0399932861328,188.82000732421875,36327000,189.99000549316406
2024-05-28,188.5319061279297,189.99000549316406,193.0,189.10000610351562,191.50999450683594,52280100,190.2899932861328
2024-05-29,188.82957458496094,190.2899932861328,192.25,189.50999450683594,189.61000061035156,53068000,191.2899932861328
2024-05-30,189.82192993164062,191.2899932861328,192.17999267578125,190.6300048828125,190.75999450683594,49889100,192.25
2024-05-31,190.77455139160156,192.25,192.57000732421875,189.91000366210938,191.44000244140625,75158300,194.02999877929688
2024-06-03,192.54087829589844,194.02999877929688,194.99000549316406,192.52000427246094,192.89999389648438,50080500,194.35000610351562
2024-06-04,192.85845947265625,194.35000610351562,195.32000732421875,193.02999877929688,194.63999938964844,47471400,195.8699951171875
2024-06-05,194.3667755126953,195.8699951171875,196.89999389648438,194.8699951171875,195.39999389648438,54156800,194.47999572753906
2024-06-06,192.98741149902344,194.47999572753906,196.5,194.1699981689453,195.69000244140625,41181800,196.88999938964844
2024-06-07,195.37893676757812,196.88999938964844,196.94000244140625,194.13999938964844,194.64999389648438,53103900,193.1199951171875
2024-06-10,191.63784790039062,193.1199951171875,197.3000030517578,192.14999389648438,196.89999389648438,97010200,207.14999389648438
2024-06-11,205.5601806640625,207.14999389648438,207.16000366210938,193.6300048828125,193.64999389648438,172373300,213.07000732421875
2024-06-12,211.43479919433594,213.07000732421875,220.1999969482422,206.89999389648438,207.3699951171875,198134300,214.24000549316406
2024-06-13,212.59579467773438,214.24000549316406,216.75,211.60000610351562,214.74000549316406,97862700,212.49000549316406
2024-06-14,210.8592071533203,212.49000549316406,215.1699981689453,211.3000030517578,213.85000610351562,70122700,216.6699981689453
2024-06-17,215.0071258544922,216.6699981689453,218.9499969482422,212.72000122070312,213.3699951171875,93728300,214.2899932861328
2024-06-18,212.6453857421875,214.2899932861328,218.6300048828125,213.0,217.58999633789062,79943300,209.67999267578125
2024-06-20,208.07077026367188,209.67999267578125,214.24000549316406,208.85000610351562,213.92999267578125,86172500,207.49000549316406
2024-06-21,205.89761352539062,207.49000549316406,211.88999938964844,207.11000061035156,210.38999938964844,241805100,208.13999938964844
2024-06-24,206.54258728027344,208.13999938964844,212.6999969482422,206.58999633789062,207.72000122070312,80727000,209.07000732421875
2024-06-25,207.4654541015625,209.07000732421875,211.3800048828125,208.61000061035156,209.14999389648438,55549700,213.25
2024-06-26,211.61338806152344,213.25,214.86000061035156,210.63999938964844,211.5,66213200,214.10000610351562
2024-06-27,212.45689392089844,214.10000610351562,215.74000549316406,212.35000610351562,214.69000244140625,49772700,210.6199951171875
2024-06-28,209.00355529785156,210.6199951171875,216.07000732421875,210.3000030517578,215.77000427246094,82542700,216.75
2024-07-01,215.0865020751953,216.75,217.50999450683594,211.9199981689453,212.08999633789062,60402900,220.27000427246094
2024-07-02,218.5795135498047,220.27000427246094,220.3800048828125,215.10000610351562,216.14999389648438,58046200,221.5500030517578
2024-07-03,219.8496856689453,221.5500030517578,221.5500030517578,219.02999877929688,220.0,37369800,226.33999633789062
2024-07-05,224.60293579101562,226.33999633789062,226.4499969482422,221.64999389648438,221.64999389648438,60412400,227.82000732421875
2024-07-08,226.07154846191406,227.82000732421875,227.85000610351562,223.25,227.08999633789062,59085900,228.67999267578125
2024-07-09,226.92495727539062,228.67999267578125,229.39999389648438,226.3699951171875,227.92999267578125,48076100,232.97999572753906
2024-07-10,231.19195556640625,232.97999572753906,233.0800018310547,229.25,229.3000030517578,62627700,227.57000732421875
2024-07-11,225.823486328125,227.57000732421875,232.38999938964844,225.77000427246094,231.38999938964844,64710600,230.5399932861328
2024-07-12,228.77069091796875,230.5399932861328,232.63999938964844,228.67999267578125,228.9199981689453,53046500,234.39999389648438
2024-07-15,232.60105895996094,234.39999389648438,237.22999572753906,233.08999633789062,236.47999572753906,62631300,234.82000732421875
2024-07-16,233.0178680419922,234.82000732421875,236.27000427246094,232.3300018310547,235.0,43234300,228.8800048828125
2024-07-17,227.1234130859375,228.8800048828125,231.4600067138672,226.63999938964844,229.4499969482422,57345900,224.17999267578125
2024-07-18,222.45947265625,224.17999267578125,230.44000244140625,222.27000427246094,230.27999877929688,66034600,224.30999755859375
2024-07-19,222.5885009765625,224.30999755859375,226.8000030517578,223.27999877929688,224.82000732421875,49151500,223.9600067138672
2024-07-22,222.24119567871094,223.9600067138672,227.77999877929688,223.08999633789062,227.00999450683594,48201800,225.00999450683594
2024-07-23,223.2831268310547,225.00999450683594,226.94000244140625,222.67999267578125,224.3699951171875,39960300,218.5399932861328
2024-07-24,216.86276245117188,218.5399932861328,224.8000030517578,217.1300048828125,224.0,61777600,217.49000549316406
2024-07-25,215.8208465576172,217.49000549316406,220.85000610351562,214.6199951171875,218.92999267578125,51391200,217.9600067138672
2024-07-26,216.2872314453125,217.9600067138672,219.49000549316406,216.00999450683594,218.6999969482422,41601300,218.24000549316406
2024-07-29,216.56507873535156,218.24000549316406,219.3000030517578,215.75,216.9600067138672,36311800,218.8000030517578
2024-07-30,217.12078857421875,218.8000030517578,220.3300018310547,216.1199951171875,219.19000244140625,41643800,222.0800018310547
2024-07-31,220.3756103515625,222.0800018310547,223.82000732421875,220.6300048828125,221.44000244140625,50036300,218.36000061035156
2024-08-01,216.6841583251953,218.36000061035156,224.47999572753906,217.02000427246094,224.3699951171875,62501000,219.86000061035156
2024-08-02,218.17266845703125,219.86000061035156,225.60000610351562,217.7100067138672,219.14999389648438,105568600,209.27000427246094
2024-08-05,207.66395568847656,209.27000427246094,213.5,196.0,199.08999633789062,119548600,207.22999572753906
2024-08-06,205.6395721435547,207.22999572753906,209.99000549316406,201.07000732421875,205.3000030517578,69660500,209.82000732421875
2024-08-07,208.20970153808594,209.82000732421875,213.63999938964844,206.38999938964844,206.89999389648438,63516400,213.30999755859375
2024-08-08,211.6728973388672,213.30999755859375,214.1999969482422,208.8300018310547,213.11000061035156,47161100,216.24000549316406
2024-08-09,214.5804443359375,216.24000549316406,216.77999877929688,211.97000122070312,212.10000610351562,42201600,217.52999877929688
2024-08-12,216.11038208007812,217.52999877929688,219.50999450683594,215.60000610351562,216.07000732421875,38028100,221.27000427246094
2024-08-13,219.8260040283203,221.27000427246094,221.88999938964844,219.00999450683594,219.00999450683594,44155300,221.72000122070312
2024-08-14,220.27305603027344,221.72000122070312,223.02999877929688,219.6999969482422,220.57000732421875,41960600,224.72000122070312
2024-08-15,223.25347900390625,224.72000122070312,225.35000610351562,222.75999450683594,224.60000610351562,46414000,226.0500030517578
2024-08-16,224.57479858398438,226.0500030517578,226.8300018310547,223.64999389648438,223.9199981689453,44340200,225.88999938964844
2024-08-19,224.41583251953125,225.88999938964844,225.99000549316406,223.0399932861328,225.72000122070312,40687800,226.50999450683594
2024-08-20,225.03179931640625,226.50999450683594,227.1699981689453,225.4499969482422,225.77000427246094,30299000,226.39999389648438
2024-08-21,224.92251586914062,226.39999389648438,227.97999572753906,225.0500030517578,226.52000427246094,34765500,224.52999877929688
2024-08-22,223.064697265625,224.52999877929688,228.33999633789062,223.89999389648438,227.7899932861328,43695300,226.83999633789062
2024-08-23,225.359619140625,226.83999633789062,228.22000122070312,224.3300018310547,225.66000366210938,38677300,227.17999267578125
2024-08-26,225.6973876953125,227.17999267578125,227.27999877929688,223.88999938964844,226.75999450683594,30602200,228.02999877929688
2024-08-27,226.5418701171875,228.02999877929688,228.85000610351562,224.88999938964844,226.0,35934600,226.49000549316406
2024-08-28,225.01190185546875,226.49000549316406,229.86000061035156,225.67999267578125,227.9199981689453,38052200,229.7899932861328
2024-08-29,228.29037475585938,229.7899932861328,232.9199981689453,228.8800048828125,230.10000610351562,51906300,229.0
2024-08-30,227.5055389404297,229.0,230.39999389648438,227.47999572753906,230.19000244140625,52990800,222.77000427246094
2024-09-03,221.31619262695312,222.77000427246094,229.0,221.1699981689453,228.5500030517578,50190600,220.85000610351562
2024-09-04,219.40872192382812,220.85000610351562,221.77999877929688,217.47999572753906,221.66000366210938,43840200,222.3800048828125
2024-09-05,220.9287567138672,222.3800048828125,225.47999572753906,221.52000427246094,221.6300048828125,36615400,220.82000732421875
2024-09-06,219.37892150878906,220.82000732421875,225.24000549316406,219.77000427246094,223.9499969482422,48423000,220.91000366210938
2024-09-09,219.46835327148438,220.91000366210938,221.27000427246094,216.7100067138672,220.82000732421875,67180000,220.11000061035156
2024-09-10,218.67355346679688,220.11000061035156,221.47999572753906,216.72999572753906,218.9199981689453,51591000,222.66000366210938
2024-09-11,221.20692443847656,222.66000366210938,223.08999633789062,217.88999938964844,221.4600067138672,44587100,222.77000427246094
2024-09-12,221.31619262695312,222.77000427246094,223.5500030517578,219.82000732421875,222.5,37455600,222.5
2024-09-13,221.0479278564453,222.5,224.0399932861328,221.91000366210938,223.5800018310547,36766600,216.32000732421875
2024-09-16,214.90829467773438,216.32000732421875,217.22000122070312,213.9199981689453,216.5399932861328,59357400,216.7899932861328
2024-09-17,215.37521362304688,216.7899932861328,216.89999389648438,214.5,215.75,45519300,220.69000244140625
2024-09-18,219.24977111816406,220.69000244140625,222.7100067138672,217.5399932861328,217.5500030517578,59894900,228.8699951171875
2024-09-19,227.37637329101562,228.8699951171875,229.82000732421875,224.6300048828125,224.99000549316406,66781300,228.1999969482422
2024-09-20,226.71075439453125,228.1999969482422,233.08999633789062,227.6199951171875,229.97000122070312,318679900,226.47000122070312
2024-09-23,224.99205017089844,226.47000122070312,229.4499969482422,225.80999755859375,227.33999633789062,54146000,227.3699951171875
2024-09-24,225.88616943359375,227.3699951171875,229.35000610351562,225.72999572753906,228.64999389648438,43556100,226.3699951171875
2024-09-25,224.89271545410156,226.3699951171875,227.2899932861328,224.02000427246094,224.92999267578125,42308700,227.52000427246094
2024-09-26,226.03518676757812,227.52000427246094,228.5,225.41000366210938,227.3000030517578,36636700,227.7899932861328
2024-09-27,226.3034210205078,227.7899932861328,229.52000427246094,227.3000030517578,228.4600067138672,34026000,233.0
2024-09-30,231.4794158935547,233.0,233.0,229.64999389648438,230.0399932861328,54541900,226.2100067138672
2024-10-01,224.73374938964844,226.2100067138672,229.64999389648438,223.74000549316406,229.52000427246094,63285000,226.77999877929688
2024-10-02,225.30003356933594,226.77999877929688,227.3699951171875,223.02000427246094,225.88999938964844,32880600,225.6699981689453
2024-10-03,224.197265625,225.6699981689453,226.80999755859375,223.32000732421875,225.13999938964844,34044200,226.8000030517578
2024-10-04,225.31988525390625,226.8000030517578,228.0,224.1300048828125,227.89999389648438,37245100,221.69000244140625
2024-10-07,220.24327087402344,221.69000244140625,225.69000244140625,221.3300018310547,224.5,39505400,225.77000427246094
2024-10-08,224.29660034179688,225.77000427246094,225.97999572753906,223.25,224.3000030517578,31855700,229.5399932861328
2024-10-09,228.04202270507812,229.5399932861328,229.75,224.8300018310547,225.22999572753906,33591100,229.0399932861328
2024-10-10,227.54527282714844,229.0399932861328,229.5,227.1699981689453,227.77999877929688,28183500,227.5500030517578
2024-10-11,226.0650177001953,227.5500030517578,229.41000366210938,227.33999633789062,229.3000030517578,31759200,231.3000030517578
2024-10-14,229.79052734375,231.3000030517578,231.72999572753906,228.60000610351562,228.6999969482422,39882100,233.85000610351562
2024-10-15,232.32386779785156,233.85000610351562,237.49000549316406,232.3699951171875,233.61000061035156,64751400,231.77999877929688
2024-10-16,230.2673797607422,231.77999877929688,232.1199951171875,229.83999633789062,231.60000610351562,34082200,232.14999389648438
2024-10-17,230.63497924804688,232.14999389648438,233.85000610351562,230.52000427246094,233.42999267578125,32993800,235.0
2024-10-18,233.4663848876953,235.0,236.17999267578125,234.00999450683594,236.17999267578125,46431500,236.47999572753906
2024-10-21,234.9367218017578,236.47999572753906,236.85000610351562,234.4499969482422,234.4499969482422,36254500,235.86000061035156
2024-10-22,234.32077026367188,235.86000061035156,236.22000122070312,232.60000610351562,233.88999938964844,38846600,230.75999450683594
2024-10-23,229.25404357910156,230.75999450683594,235.13999938964844,227.75999450683594,234.0800018310547,52287000,230.57000732421875
2024-10-24,229.0653076171875,230.57000732421875,230.82000732421875,228.41000366210938,229.97999572753906,31109500,231.41000366210938
2024-10-25,229.8998260498047,231.41000366210938,233.22000122070312,229.57000732421875,229.74000549316406,38802300,233.39999389648438
2024-10-28,231.8768310546875,233.39999389648438,234.72999572753906,232.5500030517578,233.32000732421875,36087100,233.6699981689453
2024-10-29,232.14508056640625,233.6699981689453,234.3300018310547,232.32000732421875,233.10000610351562,35417200,230.10000610351562
2024-10-30,228.59837341308594,230.10000610351562,233.47000122070312,229.5500030517578,232.61000061035156,47070900,225.91000366210938
2024-10-31,224.4357147216797,225.91000366210938,229.8300018310547,225.3699951171875,229.33999633789062,64370100,222.91000366210938
2024-11-01,221.4552764892578,222.91000366210938,225.35000610351562,220.27000427246094,220.97000122070312,65276700,222.00999450683594
2024-11-04,220.56112670898438,222.00999450683594,222.7899932861328,219.7100067138672,220.99000549316406,44944500,223.4499969482422
2024-11-05,221.9917449951172,223.4499969482422,223.9499969482422,221.13999938964844,221.8000030517578,28111300,222.72000122070312
2024-11-06,221.2665252685547,222.72000122070312,226.07000732421875,221.19000244140625,222.61000061035156,54561100,227.47999572753906
2024-11-07,225.99545288085938,227.47999572753906,227.8800048828125,224.57000732421875,224.6300048828125,42137700,226.9600067138672
2024-11-08,225.72691345214844,226.9600067138672,228.66000366210938,226.41000366210938,227.1699981689453,38328800,224.22999572753906
2024-11-11,223.01173400878906,224.22999572753906,225.6999969482422,221.5,225.0,42005600,224.22999572753906
2024-11-12,223.01173400878906,224.22999572753906,225.58999633789062,223.36000061035156,224.5500030517578,40398300,225.1199951171875
2024-11-13,223.89691162109375,225.1199951171875,226.64999389648438,222.75999450683594,224.00999450683594,48566200,228.22000122070312
2024-11-14,226.98008728027344,228.22000122070312,228.8699951171875,225.0,225.02000427246094,44923900,225.0
2024-11-15,223.77757263183594,225.0,226.9199981689453,224.27000427246094,226.39999389648438,47923700,228.02000427246094
2024-11-18,226.7811737060547,228.02000427246094,229.74000549316406,225.1699981689453,225.25,44633700,228.27999877929688
2024-11-19,227.0397491455078,228.27999877929688,230.16000366210938,226.66000366210938,226.97999572753906,36211800,229.0
2024-11-20,227.75582885742188,229.0,229.92999267578125,225.88999938964844,228.05999755859375,35169600,228.52000427246094
2024-11-21,227.27845764160156,228.52000427246094,230.16000366210938,225.7100067138672,228.8800048828125,42108300,229.8699951171875
2024-11-22,228.62110900878906,229.8699951171875,230.72000122070312,228.05999755859375,228.05999755859375,38168300,232.8699951171875
2024-11-25,231.6048126220703,232.8699951171875,233.25,229.74000549316406,231.4600067138672,90152800,235.05999755859375
2024-11-26,233.7829132080078,235.05999755859375,235.57000732421875,233.3300018310547,233.3300018310547,45986200,234.92999267578125
2024-11-27,233.65362548828125,234.92999267578125,235.69000244140625,233.80999755859375,234.47000122070312,33498400,237.3300018310547
2024-11-29,236.04058837890625,237.3300018310547,237.80999755859375,233.97000122070312,234.80999755859375,28481400,239.58999633789062
2024-12-02,238.2882843017578,239.58999633789062,240.7899932861328,237.16000366210938,237.27000427246094,48137100,242.64999389648438
2024-12-03,241.3316650390625,242.64999389648438,242.75999450683594,238.89999389648438,239.80999755859375,38861000,243.00999450683594
2024-12-04,241.68971252441406,243.00999450683594,244.11000061035156,241.25,242.8699951171875,44383900,243.0399932861328
2024-12-05,241.7195587158203,243.0399932861328,244.5399932861328,242.1300048828125,243.99000549316406,40033900,242.83999633789062
2024-12-06,241.52064514160156,242.83999633789062,244.6300048828125,242.0800018310547,242.91000366210938,36870600,246.75
2024-12-09,245.40939331054688,246.75,247.24000549316406,241.75,241.8300018310547,44649200,247.77000427246094
2024-12-10,246.42385864257812,247.77000427246094,248.2100067138672,245.33999633789062,246.88999938964844,36914800,246.49000549316406
2024-12-11,245.1508026123047,246.49000549316406,250.8000030517578,246.25999450683594,247.9600067138672,45205800,247.9600067138672
2024-12-12,246.6128387451172,247.9600067138672,248.74000549316406,245.67999267578125,246.88999938964844,32777500,248.1300048828125
2024-12-13,246.7819061279297,248.1300048828125,249.2899932861328,246.24000549316406,247.82000732421875,33155300,251.0399932861328
2024-12-16,249.67608642578125,251.0399932861328,251.3800048828125,247.64999389648438,247.99000549316406,51694800,253.47999572753906
2024-12-17,252.1028289794922,253.47999572753906,253.8300018310547,249.77999877929688,250.0800018310547,51356400,248.0500030517578
2024-12-18,246.7023468017578,248.0500030517578,254.27999877929688,247.74000549316406,252.16000366210938,56774100,249.7899932861328
2024-12-19,248.432861328125,249.7899932861328,252.0,247.08999633789062,247.5,60882300,254.49000549316406
2024-12-20,253.1073760986328,254.49000549316406,255.0,245.69000244140625,248.0399932861328,147495300,255.27000427246094
2024-12-23,253.88311767578125,255.27000427246094,255.64999389648438,253.4499969482422,254.77000427246094,40858800,258.20001220703125
2024-12-24,256.7972106933594,258.20001220703125,258.2099914550781,255.2899932861328,255.49000549316406,23234700,259.0199890136719
2024-12-26,257.61273193359375,259.0199890136719,260.1000061035156,257.6300048828125,258.19000244140625,27237100,255.58999633789062
2024-12-27,254.2013702392578,255.58999633789062,258.70001220703125,253.05999755859375,257.8299865722656,42355300,252.1999969482422
2024-12-30,250.82980346679688,252.1999969482422,253.5,250.75,252.22999572753906,35557500,250.4199981689453
2024-12-31,249.05946350097656,250.4199981689453,253.27999877929688,249.42999267578125,252.44000244140625,39480700,243.85000610351562
2025-01-02,242.5251922607422,243.85000610351562,249.10000610351562,241.82000732421875,248.92999267578125,55740700,243.36000061035156
2025-01-03,242.03782653808594,243.36000061035156,244.17999267578125,241.88999938964844,243.36000061035156,40244100,245.0
2025-01-06,243.66891479492188,245.0,247.3300018310547,243.1999969482422,244.30999755859375,45045600,242.2100067138672
2025-01-07,240.89407348632812,242.2100067138672,245.5500030517578,241.35000610351562,242.97999572753906,40856000,242.6999969482422
2025-01-08,241.3813934326172,242.6999969482422,243.7100067138672,240.0500030517578,241.9199981689453,37628900,236.85000610351562
2025-01-10,235.5631866455078,236.85000610351562,240.16000366210938,233.0,240.00999450683594,61710900,234.39999389648438
2025-01-13,233.12649536132812,234.39999389648438,234.6699981689453,229.72000122070312,233.52999877929688,49630700,233.27999877929688
2025-01-14,232.01258850097656,233.27999877929688,236.1199951171875,232.47000122070312,234.75,39435300,237.8699951171875
2025-01-15,236.57763671875,237.8699951171875,238.9600067138672,234.42999267578125,234.63999938964844,39832000,228.25999450683594
2025-01-16,227.01986694335938,228.25999450683594,238.00999450683594,228.02999877929688,237.35000610351562,71759100,229.97999572753906
2025-01-17,228.7305145263672,229.97999572753906,232.2899932861328,228.47999572753906,232.1199951171875,68488300,222.63999938964844
2025-01-21,221.43040466308594,222.63999938964844,224.4199981689453,219.3800048828125,224.0,98070400,223.8300018310547
2025-01-22,222.6139373779297,223.8300018310547,224.1199951171875,219.7899932861328,219.7899932861328,64126500,223.66000366210938
2025-01-23,222.44483947753906,223.66000366210938,227.02999877929688,222.3000030517578,224.74000549316406,60234800,222.77999877929688
2025-01-24,221.5696258544922,222.77999877929688,225.6300048828125,221.41000366210938,224.77999877929688,54697900,229.86000061035156
2025-01-27,228.61117553710938,229.86000061035156,232.14999389648438,223.97999572753906,224.02000427246094,94863400,238.25999450683594
2025-01-28,236.9655303955078,238.25999450683594,240.19000244140625,230.80999755859375,230.85000610351562,75707600,239.36000061035156
2025-01-29,238.0595703125,239.36000061035156,239.86000061035156,234.00999450683594,234.1199951171875,45486100,237.58999633789062
2025-01-30,236.29916381835938,237.58999633789062,240.7899932861328,237.2100067138672,238.6699981689453,55658300,236.0
2025-01-31,234.71780395507812,236.0,247.19000244140625,233.44000244140625,247.19000244140625,100959800,228.00999450683594
2025-02-03,226.77120971679688,228.00999450683594,231.8300018310547,225.6999969482422,229.99000549316406,73063300,232.8000030517578
2025-02-04,231.53518676757812,232.8000030517578,233.1300048828125,226.64999389648438,227.25,45067300,232.47000122070312
2025-02-05,231.20697021484375,232.47000122070312,232.6699981689453,228.27000427246094,228.52999877929688,39620300,233.22000122070312
2025-02-06,231.95291137695312,233.22000122070312,233.8000030517578,230.42999267578125,231.2899932861328,29925300,227.6300048828125
2025-02-07,226.39328002929688,227.6300048828125,234.0,227.25999450683594,232.60000610351562,39707200,227.64999389648438
2025-02-10,226.66209411621094,227.64999389648438,230.58999633789062,227.1999969482422,229.57000732421875,33115600,232.6199951171875
2025-02-11,231.61053466796875,232.6199951171875,235.22999572753906,228.1300048828125,228.1999969482422,53718400,236.8699951171875
2025-02-12,235.84210205078125,236.8699951171875,236.9600067138672,230.67999267578125,231.1999969482422,45243300,241.52999877929688
2025-02-13,240.4818878173828,241.52999877929688,242.33999633789062,235.57000732421875,236.91000366210938,53614100,244.60000610351562
2025-02-14,243.53854370117188,244.60000610351562,245.5500030517578,240.99000549316406,241.25,40896200,244.47000122070312
2025-02-18,243.40911865234375,244.47000122070312,245.17999267578125,241.83999633789062,244.14999389648438,48822500,244.8699951171875
2025-02-19,243.807373046875,244.8699951171875,246.00999450683594,243.16000366210938,244.66000366210938,32204200,245.8300018310547
2025-02-20,244.76321411132812,245.8300018310547,246.77999877929688,244.2899932861328,244.94000244140625,32316900,245.5500030517578
2025-02-21,244.48443603515625,245.5500030517578,248.69000244140625,245.22000122070312,245.9499969482422,53197400,247.10000610351562
2025-02-24,246.0277099609375,247.10000610351562,248.86000061035156,244.4199981689453,244.92999267578125,51326400,247.0399932861328
2025-02-25,245.96795654296875,247.0399932861328,250.0,244.91000366210938,248.0,48013300,240.36000061035156
2025-02-26,239.31695556640625,240.36000061035156,244.97999572753906,239.1300048828125,244.3300018310547,44433600,237.3000030517578
2025-02-27,236.27024841308594,237.3000030517578,242.4600067138672,237.05999755859375,239.41000366210938,41153600,241.83999633789062
2025-02-28,240.79054260253906,241.83999633789062,242.08999633789062,230.1999969482422,236.9499969482422,56833400,238.02999877929688
2025-03-03,236.9970703125,238.02999877929688,244.02999877929688,236.11000061035156,241.7899932861328,47184000,235.92999267578125
2025-03-04,234.9061737060547,235.92999267578125,240.07000732421875,234.67999267578125,237.7100067138672,53798100,235.74000549316406
2025-03-05,234.7169952392578,235.74000549316406,236.5500030517578,229.22999572753906,235.4199981689453,47227600,235.3300018310547
2025-03-06,234.30877685546875,235.3300018310547,237.86000061035156,233.16000366210938,234.44000244140625,45170400,239.07000732421875
2025-03-07,238.03256225585938,239.07000732421875,241.3699951171875,234.75999450683594,235.11000061035156,46273600,227.47999572753906
2025-03-10,226.4928436279297,227.47999572753906,236.16000366210938,224.22000122070312,235.5399932861328,72071200,220.83999633789062
2025-03-11,219.8816680908203,220.83999633789062,225.83999633789062,217.4499969482422,223.80999755859375,76137400,216.97999572753906
2025-03-12,216.0384063720703,216.97999572753906,221.75,214.91000366210938,220.13999938964844,62547500,209.67999267578125
2025-03-13,208.77008056640625,209.67999267578125,216.83999633789062,208.4199981689453,215.9499969482422,61368300,213.49000549316406
2025-03-14,212.5635528564453,213.49000549316406,213.9499969482422,209.5800018310547,211.25,60107600,214.0
2025-03-17,213.0713348388672,214.0,215.22000122070312,209.97000122070312,213.30999755859375,48073400,212.69000244140625
2025-03-18,211.7670135498047,212.69000244140625,215.14999389648438,211.49000549316406,214.16000366210938,42432400,215.24000549316406
2025-03-19,214.30596923828125,215.24000549316406,218.75999450683594,213.75,214.22000122070312,54385400,214.10000610351562
2025-03-20,213.17091369628906,214.10000610351562,217.49000549316406,212.22000122070312,213.99000549316406,48862900,218.27000427246094
2025-03-21,217.3228302001953,218.27000427246094,218.83999633789062,211.27999877929688,211.55999755859375,94127800,220.72999572753906
2025-03-24,219.7721405029297,220.72999572753906,221.47999572753906,218.5800018310547,221.0,44299500,223.75
2025-03-25,222.77902221679688,223.75,224.10000610351562,220.0800018310547,220.77000427246094,34493600,221.52999877929688
2025-03-26,220.5686798095703,221.52999877929688,225.02000427246094,220.47000122070312,223.50999450683594,34466100,223.85000610351562
2025-03-27,222.8786163330078,223.85000610351562,224.99000549316406,220.55999755859375,221.38999938964844,37094800,217.89999389648438
2025-03-28,216.9544219970703,217.89999389648438,223.80999755859375,217.67999267578125,221.6699981689453,39818600,222.1300048828125
2025-03-31,221.1660614013672,222.1300048828125,225.6199951171875,216.22999572753906,217.00999450683594,65299300,223.19000244140625
2025-04-01,222.22146606445312,223.19000244140625,223.67999267578125,218.89999389648438,219.80999755859375,36412700,223.88999938964844
2025-04-02,222.9184112548828,223.88999938964844,225.19000244140625,221.02000427246094,221.32000732421875,35905900,203.19000244140625
2025-04-03,202.30825805664062,203.19000244140625,207.49000549316406,201.25,205.5399932861328,103419000,188.3800048828125
2025-04-04,187.56253051757812,188.3800048828125,199.8800048828125,187.33999633789062,193.88999938964844,125910900,181.4600067138672
2025-04-07,180.6725616455078,181.4600067138672,194.14999389648438,174.6199951171875,177.1999969482422,160466300,172.4199981689453
2025-04-08,171.6717987060547,172.4199981689453,190.33999633789062,169.2100067138672,186.6999969482422,120859500,198.85000610351562
2025-04-09,197.98709106445312,198.85000610351562,200.61000061035156,171.88999938964844,171.9499969482422,184395900,190.4199981689453
2025-04-10,189.59368896484375,190.4199981689453,194.77999877929688,183.0,189.07000732421875,121880000,198.14999389648438
2025-04-11,197.2901153564453,198.14999389648438,199.5399932861328,186.05999755859375,186.10000610351562,87435900,202.52000427246094
2025-04-14,201.64114379882812,202.52000427246094,212.94000244140625,201.16000366210938,211.44000244140625,101352900,202.13999938964844
2025-04-15,201.2628173828125,202.13999938964844,203.50999450683594,199.8000030517578,201.86000061035156,51343900,194.27000427246094
2025-04-16,193.4269561767578,194.27000427246094,200.6999969482422,192.3699951171875,198.36000061035156,59732400,196.97999572753906
2025-04-17,196.12521362304688,196.97999572753906,198.8300018310547,194.4199981689453,197.1999969482422,52164700,193.16000366210938
2025-04-21,192.32179260253906,193.16000366210938,193.8000030517578,189.80999755859375,193.27000427246094,46742500,199.74000549316406
2025-04-22,198.87322998046875,199.74000549316406,201.58999633789062,195.97000122070312,196.1199951171875,52976400,204.60000610351562
2025-04-23,203.71212768554688,204.60000610351562,208.0,202.8000030517578,206.0,52929200,208.3699951171875
2025-04-24,207.46575927734375,208.3699951171875,208.8300018310547,202.94000244140625,204.88999938964844,47311000,209.27999877929688
2025-04-25,208.371826171875,209.27999877929688,209.75,206.1999969482422,206.3699951171875,38222300,210.13999938964844
2025-04-28,209.22808837890625,210.13999938964844,211.5,207.4600067138672,210.0,38743100,211.2100067138672
2025-04-29,210.29345703125,211.2100067138672,212.24000549316406,208.3699951171875,208.69000244140625,36827600,212.5
2025-04-30,211.5778350830078,212.5,213.5800018310547,206.6699981689453,209.3000030517578,52286500,213.32000732421875
2025-05-01,212.39431762695312,213.32000732421875,214.55999755859375,208.89999389648438,209.0800018310547,57365700,205.35000610351562
2025-05-02,204.45889282226562,205.35000610351562,206.99000549316406,202.16000366210938,206.08999633789062,101010600,198.88999938964844
2025-05-05,198.02691650390625,198.88999938964844,204.10000610351562,198.2100067138672,203.10000610351562,69018500,198.50999450683594
2025-05-06,197.6485595703125,198.50999450683594,200.64999389648438,197.02000427246094,198.2100067138672,51216500,196.25
2025-05-07,195.39837646484375,196.25,199.44000244140625,193.25,199.1699981689453,68536700,197.49000549316406
2025-05-08,196.63299560546875,197.49000549316406,200.0500030517578,194.67999267578125,197.72000122070312,50478900,198.52999877929688
2025-05-09,197.66847229003906,198.52999877929688,200.5399932861328,197.5399932861328,199.0,36453900,210.7899932861328
2025-05-12,210.15049743652344,210.7899932861328,211.27000427246094,206.75,210.97000122070312,63775800,212.92999267578125
2025-05-13,212.28399658203125,212.92999267578125,213.39999389648438,209.0,210.42999267578125,51909300,212.3300018310547
2025-05-14,211.68580627441406,212.3300018310547,213.94000244140625,210.5800018310547,212.42999267578125,49325800,211.4499969482422
2025-05-15,210.80848693847656,211.4499969482422,212.9600067138672,209.5399932861328,210.9499969482422,45029500,211.25999450683594
2025-05-16,210.6190643310547,211.25999450683594,212.57000732421875,209.77000427246094,212.36000061035156,54737900,208.77999877929688
2025-05-19,208.14659118652344,208.77999877929688,209.47999572753906,204.25999450683594,207.91000366210938,46140500,206.86000061035156
2025-05-20,206.232421875,206.86000061035156,208.47000122070312,205.02999877929688,207.6699981689453,42496600,202.08999633789062
2025-05-21,201.47689819335938,202.08999633789062,207.0399932861328,200.7100067138672,205.1699981689453,59211800,201.36000061035156
2025-05-22,200.74911499023438,201.36000061035156,202.75,199.6999969482422,200.7100067138672,46742400,195.27000427246094
2025-05-23,194.67758178710938,195.27000427246094,197.6999969482422,193.4600067138672,193.6699981689453,78432900,200.2100067138672
2025-05-27,199.60260009765625,200.2100067138672,200.74000549316406,197.42999267578125,198.3000030517578,56288500,200.4199981689453
2025-05-28,199.81195068359375,200.4199981689453,202.72999572753906,199.89999389648438,200.58999633789062,45339700,199.9499969482422
2025-05-29,199.34336853027344,199.9499969482422,203.80999755859375,198.50999450683594,203.5800018310547,51396800,200.85000610351562
2025-05-30,200.24066162109375,200.85000610351562,201.9600067138672,196.77999877929688,199.3699951171875,70819900,201.6999969482422
2025-06-02,201.08807373046875,201.6999969482422,202.1300048828125,200.1199951171875,200.27999877929688,35423300,203.27000427246094
2025-06-03,202.6533203125,203.27000427246094,203.77000427246094,200.9600067138672,201.35000610351562,46381600,202.82000732421875
2025-06-04,202.20468139648438,202.82000732421875,206.24000549316406,202.10000610351562,202.91000366210938,43604000,200.6300048828125
2025-06-05,200.0213165283203,200.6300048828125,204.75,200.14999389648438,203.5,55126100,203.9199981689453
2025-06-06,203.3013458251953,203.9199981689453,205.6999969482422,202.0500030517578,203.0,46607700,201.4499969482422
2025-06-09,200.8388214111328,201.4499969482422,206.0,200.02000427246094,204.38999938964844,72862600,202.6699981689453
2025-06-10,202.0551300048828,202.6699981689453,204.35000610351562,200.57000732421875,200.60000610351562,54672600,198.77999877929688
2025-06-11,198.1769256591797,198.77999877929688,204.5,198.41000366210938,203.5,60989900,199.1999969482422
2025-06-12,198.5956573486328,199.1999969482422,199.67999267578125,197.36000061035156,199.0800018310547,43904600,196.4499969482422
2025-06-13,195.85398864746094,196.4499969482422,200.3699951171875,195.6999969482422,199.72999572753906,51447300,198.4199981689453
2025-06-16,197.81802368164062,198.4199981689453,198.69000244140625,196.55999755859375,197.3000030517578,43020700,195.63999938964844
2025-06-17,195.0464630126953,195.63999938964844,198.38999938964844,195.2100067138672,197.1999969482422,38856200,196.5800018310547
2025-06-18,195.9835968017578,196.5800018310547,197.57000732421875,195.07000732421875,195.94000244140625,45394700,201.0
2025-06-20,200.3902130126953,201.0,201.6999969482422,196.86000061035156,198.24000549316406,96813500,201.5
2025-06-23,200.888671875,201.5,202.3000030517578,198.9600067138672,201.6300048828125,55814300,200.3000030517578
2025-06-24,199.6923065185547,200.3000030517578,203.44000244140625,200.1999969482422,202.58999633789062,54064000,201.55999755859375
2025-06-25,200.948486328125,201.55999755859375,203.6699981689453,200.6199951171875,201.4499969482422,39525700,201.0
2025-06-26,200.3902130126953,201.0,202.63999938964844,199.4600067138672,201.42999267578125,50799100,201.0800018310547
2025-06-27,200.469970703125,201.0800018310547,203.22000122070312,200.0,201.88999938964844,73188600,205.1699981689453
2025-06-30,204.5475311279297,205.1699981689453,207.38999938964844,199.25999450683594,202.00999450683594,91912800,207.82000732421875
2025-07-01,207.18951416015625,207.82000732421875,210.19000244140625,206.13999938964844,206.6699981689453,78788900,212.44000244140625
2025-07-02,211.7954864501953,212.44000244140625,213.33999633789062,208.13999938964844,208.91000366210938,67941800,213.5500030517578
2025-07-03,212.90213012695312,213.5500030517578,214.64999389648438,211.80999755859375,212.14999389648438,34955800,209.9499969482422
2025-07-07,209.3130340576172,209.9499969482422,216.22999572753906,208.8000030517578,212.67999267578125,50229000,210.00999450683594
2025-07-08,209.3728485107422,210.00999450683594,211.42999267578125,208.4499969482422,210.10000610351562,42848900,211.13999938964844
2025-07-09,210.4994354248047,211.13999938964844,211.3300018310547,207.22000122070312,209.52999877929688,48749400,212.41000366210938
2025-07-10,211.7655792236328,212.41000366210938,213.47999572753906,210.02999877929688,210.50999450683594,44443600,211.16000366210938
2025-07-11,210.5193634033203,211.16000366210938,212.1300048828125,209.86000061035156,210.57000732421875,39765800,208.6199951171875
2025-07-14,207.98707580566406,208.6199951171875,210.91000366210938,207.5399932861328,209.92999267578125,38840100,209.11000061035156
2025-07-15,208.4755859375,209.11000061035156,211.88999938964844,208.9199981689453,209.22000122070312,42296300,210.16000366210938
2025-07-16,209.52239990234375,210.16000366210938,212.39999389648438,208.63999938964844,210.3000030517578,47490500,210.02000427246094
2025-07-17,209.38284301757812,210.02000427246094,211.8000030517578,209.58999633789062,210.57000732421875,48068100,211.17999267578125
2025-07-18,210.539306640625,211.17999267578125,211.7899932861328,209.6999969482422,210.8699951171875,48974600,212.47999572753906
2025-07-21,211.83535766601562,212.47999572753906,215.77999877929688,211.6300048828125,212.10000610351562,51377400,214.39999389648438
2025-07-22,213.74954223632812,214.39999389648438,214.9499969482422,212.22999572753906,213.13999938964844,46404100,214.14999389648438
2025-07-23,213.5002899169922,214.14999389648438,215.14999389648438,212.41000366210938,215.0,46989300,213.75999450683594
2025-07-24,213.11148071289062,213.75999450683594,215.69000244140625,213.52999877929688,213.89999389648438,46022600,213.8800048828125
2025-07-25,213.2311248779297,213.8800048828125,215.24000549316406,213.39999389648438,214.6999969482422,40268800,214.0500030517578
2025-07-28,213.40060424804688,214.0500030517578,214.85000610351562,213.05999755859375,214.02999877929688,37858000,211.27000427246094
2025-07-29,210.6290283203125,211.27000427246094,214.80999755859375,210.82000732421875,214.17999267578125,51411700,209.0500030517578
2025-07-30,208.415771484375,209.0500030517578,212.38999938964844,207.72000122070312,211.89999389648438,45512500,207.57000732421875
2025-07-31,206.9402618408203,207.57000732421875,209.83999633789062,207.16000366210938,208.49000549316406,80698400,202.3800048828125
2025-08-01,201.76600646972656,202.3800048828125,213.5800018310547,201.5,210.8699951171875,104434500,203.35000610351562
2025-08-04,202.7330780029297,203.35000610351562,207.8800048828125,201.67999267578125,204.50999450683594,75109300,202.9199981689453
2025-08-05,202.3043670654297,202.9199981689453,205.33999633789062,202.16000366210938,203.39999389648438,44155100,213.25
2025-08-06,212.60302734375,213.25,215.3800048828125,205.58999633789062,205.6300048828125,108483100,220.02999877929688
2025-08-07,219.36245727539062,220.02999877929688,220.85000610351562,216.5800018310547,218.8800048828125,90224800,229.35000610351562
2025-08-08,228.65419006347656,229.35000610351562,231.0,219.25,220.8300018310547,113854000,227.17999267578125
2025-08-11,226.74781799316406,227.17999267578125,229.55999755859375,224.75999450683594,227.9199981689453,61806100,229.64999389648438
2025-08-12,229.21310424804688,229.64999389648438,230.8000030517578,227.07000732421875,228.00999450683594,55626200,233.3300018310547
2025-08-13,232.88612365722656,233.3300018310547,235.0,230.42999267578125,231.07000732421875,69878500,232.77999877929688
2025-08-14,232.33717346191406,232.77999877929688,235.1199951171875,230.85000610351562,234.05999755859375,51916300,231.58999633789062
2025-08-15,231.1494140625,231.58999633789062,234.27999877929688,229.33999633789062,234.0,56038700,230.88999938964844
2025-08-18,230.45074462890625,230.88999938964844,233.1199951171875,230.11000061035156,231.6999969482422,37476200,230.55999755859375
2025-08-19,230.1213836669922,230.55999755859375,232.8699951171875,229.35000610351562,231.27999877929688,39402600,226.00999450683594
2025-08-20,225.5800323486328,226.00999450683594,230.47000122070312,225.77000427246094,229.97999572753906,42263900,224.89999389648438
2025-08-21,224.47213745117188,224.89999389648438,226.52000427246094,223.77999877929688,226.27000427246094,30621200,227.75999450683594
2025-08-22,227.3267059326172,227.75999450683594,229.08999633789062,225.41000366210938,226.1699981689453,42477800,227.16000366210938
2025-08-25,226.7278594970703,227.16000366210938,229.3000030517578,226.22999572753906,226.47999572753906,30983100,229.30999755859375
2025-08-26,228.87376403808594,229.30999755859375,229.49000549316406,224.69000244140625,226.8699951171875,54575100,230.49000549316406
2025-08-27,230.05152893066406,230.49000549316406,230.89999389648438,228.25999450683594,228.61000061035156,31259500,232.55999755859375
2025-08-28,232.11758422851562,232.55999755859375,233.41000366210938,229.33999633789062,230.82000732421875,38074700,232.13999938964844
2025-08-29,231.69837951660156,232.13999938964844,233.3800048828125,231.3699951171875,232.50999450683594,39418400,229.72000122070312
2025-09-02,229.28298950195312,229.72000122070312,230.85000610351562,226.97000122070312,229.25,44075600,238.47000122070312
2025-09-03,238.01634216308594,238.47000122070312,238.85000610351562,234.36000061035156,237.2100067138672,66427800,239.77999877929688
2025-09-04,239.3238525390625,239.77999877929688,239.89999389648438,236.74000549316406,238.4499969482422,47549400,239.69000244140625
2025-09-05,239.2340087890625,239.69000244140625,241.32000732421875,238.49000549316406,240.0,54870400,237.8800048828125
2025-09-08,237.42745971679688,237.8800048828125,240.14999389648438,236.33999633789062,239.3000030517578,48999500,234.35000610351562
2025-09-09,233.9041748046875,234.35000610351562,238.77999877929688,233.36000061035156,237.0,66313900,226.7899932861328
2025-09-10,226.35855102539062,226.7899932861328,232.4199981689453,225.9499969482422,232.19000244140625,83440800,230.02999877929688
2025-09-11,229.59239196777344,230.02999877929688,230.4499969482422,226.64999389648438,226.8800048828125,50208600,234.07000732421875
2025-09-12,233.62472534179688,234.07000732421875,234.50999450683594,229.02000427246094,229.22000122070312,55824200,236.6999969482422
2025-09-15,236.24969482421875,236.6999969482422,238.19000244140625,235.02999877929688,237.0,42699500,238.14999389648438
2025-09-16,237.6969451904297,238.14999389648438,241.22000122070312,236.32000732421875,237.17999267578125,63421100,238.99000549316406
2025-09-17,238.5353546142578,238.99000549316406,240.10000610351562,237.72999572753906,238.97000122070312,46508000,237.8800048828125
2025-09-18,237.42745971679688,237.8800048828125,241.1999969482422,236.64999389648438,239.97000122070312,44249600,245.5
2025-09-19,245.032958984375,245.5,246.3000030517578,240.2100067138672,241.22999572753906,163741300,256.0799865722656
2025-09-22,255.5928192138672,256.0799865722656,256.6400146484375,248.1199951171875,248.3000030517578,105517400,254.42999267578125
2025-09-23,253.9459686279297,254.42999267578125,257.3399963378906,253.5800018310547,255.8800048828125,60275200,252.30999755859375
2025-09-24,251.8300018310547,252.30999755859375,255.74000549316406,251.0399932861328,255.22000122070312,42303700,256.8699951171875
2025-09-25,256.3813171386719,256.8699951171875,257.1700134277344,251.7100067138672,253.2100067138672,55202100,255.4600067138672
2025-09-26,254.97401428222656,255.4600067138672,257.6000061035156,253.77999877929688,254.10000610351562,46076300,254.42999267578125
2025-09-29,253.9459686279297,254.42999267578125,255.0,253.00999450683594,254.55999755859375,40127700,254.6300048828125
2025-09-30,254.14559936523438,254.6300048828125,255.9199981689453,253.11000061035156,254.86000061035156,37704300,255.4499969482422
2025-10-01,254.9640350341797,255.4499969482422,258.7900085449219,254.92999267578125,255.0399932861328,48713900,257.1300048828125
2025-10-02,256.6408386230469,257.1300048828125,258.17999267578125,254.14999389648438,256.5799865722656,42630200,258.0199890136719
2025-10-03,257.5291442871094,258.0199890136719,259.239990234375,253.9499969482422,254.6699981689453,49155600,256.69000244140625
2025-10-06,256.2016906738281,256.69000244140625,259.07000732421875,255.0500030517578,257.989990234375,44664100,256.4800109863281
2025-10-07,255.99208068847656,256.4800109863281,257.3999938964844,255.42999267578125,256.80999755859375,31955800,258.05999755859375
2025-10-08,257.5690612792969,258.05999755859375,258.5199890136719,256.1099853515625,256.5199890136719,36496900,254.0399932861328
2025-10-09,253.55670166015625,254.0399932861328,258.0,253.13999938964844,257.80999755859375,38322000,245.27000427246094
2025-10-10,244.80340576171875,245.27000427246094,256.3800048828125,244.0,254.94000244140625,61999100,247.66000366210938
2025-10-13,247.18885803222656,247.66000366210938,249.69000244140625,245.55999755859375,249.3800048828125,38142900,247.77000427246094
2025-10-14,247.29864501953125,247.77000427246094,248.85000610351562,244.6999969482422,246.60000610351562,35478000,249.33999633789062
2025-10-15,248.8656463623047,249.33999633789062,251.82000732421875,247.47000122070312,249.49000549316406,33893600,247.4499969482422
2025-10-16,246.979248046875,247.4499969482422,249.0399932861328,245.1300048828125,248.25,39777000,252.2899932861328
2025-10-17,251.81002807617188,252.2899932861328,253.3800048828125,247.27000427246094,248.02000427246094,49147000,262.239990234375
2025-10-20,261.7411193847656,262.239990234375,264.3800048828125,255.6300048828125,255.88999938964844,90483000,262.7699890136719
2025-10-21,262.2701110839844,262.7699890136719,265.2900085449219,261.8299865722656,261.8800048828125,46695900,258.45001220703125
2025-10-22,257.9583435058594,258.45001220703125,262.8500061035156,255.42999267578125,262.6499938964844,45015300,259.5799865722656
2025-10-23,259.0861511230469,259.5799865722656,260.6199951171875,258.010009765625,259.94000244140625,32754900,262.82000732421875
2025-10-24,262.32000732421875,262.82000732421875,264.1300048828125,259.17999267578125,261.19000244140625,38253700,268.80999755859375
2025-10-27,268.2986145019531,268.80999755859375,269.1199951171875,264.6499938964844,264.8800048828125,44888200,269.0
2025-10-28,268.4882507324219,269.0,269.8900146484375,268.1499938964844,268.989990234375,41534800,269.70001220703125
2025-10-29,269.1869201660156,269.70001220703125,271.4100036621094,267.1099853515625,269.2799987792969,51086700,271.3999938964844
2025-10-30,270.8836669921875,271.3999938964844,274.1400146484375,268.4800109863281,271.989990234375,69886500,270.3699951171875
2025-10-31,269.85565185546875,270.3699951171875,277.32000732421875,269.1600036621094,276.989990234375,86167100,269.04998779296875
2025-11-03,268.53814697265625,269.04998779296875,270.8500061035156,266.25,270.4200134277344,50194600,270.0400085449219
2025-11-04,269.5262756347656,270.0400085449219,271.489990234375,267.6199951171875,268.3299865722656,49274800,270.1400146484375
2025-11-05,269.6260986328125,270.1400146484375,271.70001220703125,266.92999267578125,268.6099853515625,43683100,269.7699890136719
2025-11-06,269.25677490234375,269.7699890136719,273.3999938964844,267.8900146484375,267.8900146484375,51204000,268.4700012207031
2025-11-07,267.9592590332031,268.4700012207031,272.2900085449219,266.7699890136719,269.79998779296875,48227400,269.42999267578125
2025-11-10,269.1781311035156,269.42999267578125,273.7300109863281,267.4599914550781,268.9599914550781,41312400,275.25
2025-11-11,274.99267578125,275.25,275.9100036621094,269.79998779296875,269.80999755859375,46208300,273.4700012207031
2025-11-12,273.21435546875,273.4700012207031,275.7300109863281,271.70001220703125,275.0,48398000,272.95001220703125
2025-11-13,272.6948547363281,272.95001220703125,276.70001220703125,272.0899963378906,274.1099853515625,49602800,272.4100036621094
2025-11-14,272.15533447265625,272.4100036621094,275.9599914550781,269.6000061035156,271.04998779296875,47431300,267.4599914550781
2025-11-17,267.2099609375,267.4599914550781,270.489990234375,265.7300109863281,268.82000732421875,45018300,267.44000244140625
2025-11-18,267.19000244140625,267.44000244140625,270.7099914550781,265.32000732421875,269.989990234375,45677300,268.55999755859375
2025-11-19,268.3089294433594,268.55999755859375,272.2099914550781,265.5,265.5299987792969,40424500,266.25
2025-11-20,266.0010986328125,266.25,275.42999267578125,265.9200134277344,270.8299865722656,45823600,271.489990234375
2025-11-21,271.2361755371094,271.489990234375,273.3299865722656,265.6700134277344,265.95001220703125,59030800,275.9200134277344
2025-11-24,275.6620788574219,275.9200134277344,277.0,270.8999938964844,270.8999938964844,65585800,276.9700012207031
2025-11-25,276.7110900878906,276.9700012207031,280.3800048828125,275.25,275.2699890136719,46914200,277.54998779296875
2025-11-26,277.29052734375,277.54998779296875,279.5299987792969,276.6300048828125,276.9599914550781,33431400,278.8500061035156
2025-11-28,278.5893249511719,278.8500061035156,279.0,275.989990234375,277.260009765625,20135600,283.1000061035156
2025-12-01,282.8353576660156,283.1000061035156,283.4200134277344,276.1400146484375,278.010009765625,46587700,286.19000244140625
2025-12-02,285.9224548339844,286.19000244140625,287.3999938964844,282.6300048828125,283.0,53669500,284.1499938964844
2025-12-03,283.8843688964844,284.1499938964844,288.6199951171875,283.29998779296875,286.20001220703125,43538700,280.70001220703125
2025-12-04,280.4375915527344,280.70001220703125,284.7300109863281,278.5899963378906,284.1000061035156,43989100,278.7799987792969
2025-12-05,278.5193786621094,278.7799987792969,281.1400146484375,278.04998779296875,280.5400085449219,47265800,277.8900146484375
2025-12-08,277.6302185058594,277.8900146484375,279.6700134277344,276.1499938964844,278.1300048828125,38211800,277.17999267578125
2025-12-09,276.9208679199219,277.17999267578125,280.0299987792969,276.9200134277344,278.1600036621094,32193300,278.7799987792969
2025-12-10,278.5193786621094,278.7799987792969,279.75,276.44000244140625,277.75,33038300,278.0299987792969
2025-12-11,277.77008056640625,278.0299987792969,279.5899963378906,273.80999755859375,279.1000061035156,33248000,278.2799987792969
2025-12-12,278.0198669433594,278.2799987792969,279.2200012207031,276.82000732421875,277.8999938964844,39532900,274.1099853515625
2025-12-15,273.8537292480469,274.1099853515625,280.1499938964844,272.8399963378906,280.1499938964844,50409100,274.6099853515625
2025-12-16,274.353271484375,274.6099853515625,275.5,271.7900085449219,272.82000732421875,37648600,271.8399963378906
2025-12-17,271.58587646484375,271.8399963378906,276.1600036621094,271.6400146484375,275.010009765625,50138700,272.19000244140625
2025-12-18,271.935546875,272.19000244140625,273.6300048828125,266.95001220703125,273.6099853515625,51630700,273.6700134277344
2025-12-19,273.4141845703125,273.6700134277344,274.6000061035156,269.8999938964844,272.1499938964844,144632000,270.9700012207031
2025-12-22,270.7166748046875,270.9700012207031,273.8800048828125,270.510009765625,272.8599853515625,36571800,272.3599853515625
2025-12-23,272.1053771972656,272.3599853515625,272.5,269.55999755859375,270.8399963378906,29642000,273.80999755859375
2025-12-24,273.55401611328125,273.80999755859375,275.42999267578125,272.20001220703125,272.3399963378906,17910600,273.3999938964844
2025-12-26,273.1444091796875,273.3999938964844,275.3699951171875,272.8599853515625,274.1600036621094,21521800,273.760009765625
2025-12-29,273.50408935546875,273.760009765625,274.3599853515625,272.3500061035156,272.69000244140625,23715200,273.0799865722656
2025-12-30,272.82470703125,273.0799865722656,274.0799865722656,272.2799987792969,272.80999755859375,22139600,271.8599853515625
2025-12-31,271.6058349609375,271.8599853515625,273.67999267578125,271.75,273.05999755859375,27293600,271.010009765625
2026-01-02,270.75665283203125,271.010009765625,277.8399963378906,269.0,272.260009765625,37838100,267.260009765625
2026-01-05,267.0101623535156,267.260009765625,271.510009765625,266.1400146484375,270.6400146484375,45647200,262.3599853515625
2026-01-06,262.1147155761719,262.3599853515625,267.54998779296875,262.1199951171875,267.0,52352100,260.3299865722656
2026-01-07,260.08660888671875,260.3299865722656,263.67999267578125,259.80999755859375,263.20001220703125,48309800,259.0400085449219
2026-01-08,258.7978515625,259.0400085449219,259.2900085449219,255.6999969482422,257.0199890136719,50419300,259.3699951171875
2026-01-09,259.1275329589844,259.3699951171875,260.2099914550781,256.2200012207031,259.0799865722656,39997000,260.25
2026-01-12,260.0067138671875,260.25,261.29998779296875,256.79998779296875,259.1600036621094,45263800,261.04998779296875
2026-01-13,260.8059387207031,261.04998779296875,261.80999755859375,258.3900146484375,258.7200012207031,45730800,259.9599914550781
2026-01-14,259.71697998046875,259.9599914550781,261.82000732421875,256.7099914550781,259.489990234375,40019400,258.2099914550781
2026-01-15,257.9685974121094,258.2099914550781,261.0400085449219,257.04998779296875,260.6499938964844,39388600,255.52999877929688
2026-01-16,255.29112243652344,255.52999877929688,258.8999938964844,254.92999267578125,257.8999938964844,72142800,246.6999969482422
2026-01-20,246.46937561035156,246.6999969482422,254.7899932861328,243.4199981689453,252.72999572753906,80267500,247.64999389648438
2026-01-21,247.41848754882812,247.64999389648438,251.55999755859375,245.17999267578125,248.6999969482422,54641700,248.35000610351562
2026-01-22,248.1178436279297,248.35000610351562,251.0,248.14999389648438,249.1999969482422,39708300,248.0399932861328
2026-01-23,247.80812072753906,248.0399932861328,249.41000366210938,244.67999267578125,247.32000732421875,41689000,255.41000366210938
2026-01-26,255.17123413085938,255.41000366210938,256.55999755859375,249.8000030517578,251.47999572753906,55969200,258.2699890136719
2026-01-27,258.0285339355469,258.2699890136719,261.95001220703125,258.2099914550781,259.1700134277344,49648300,256.44000244140625
2026-01-28,256.2002868652344,256.44000244140625,258.8599853515625,254.50999450683594,257.6499938964844,41288000,258.2799987792969
2026-01-29,258.0385437011719,258.2799987792969,259.6499938964844,254.41000366210938,258.0,67253000,259.4800109863281
2026-01-30,259.2374267578125,259.4800109863281,261.8999938964844,252.17999267578125,255.1699981689453,92443400,270.010009765625
2026-02-02,269.7575988769531,270.010009765625,270.489990234375,259.2099914550781,260.0299987792969,73913400,269.4800109863281
2026-02-03,269.22808837890625,269.4800109863281,271.8800048828125,267.6099853515625,269.20001220703125,64394700,276.489990234375
2026-02-04,276.23150634765625,276.489990234375,278.95001220703125,272.2900085449219,272.2900085449219,90545700,275.9100036621094
2026-02-05,275.6520690917969,275.9100036621094,279.5,273.2300109863281,278.1300048828125,52977400,278.1199951171875
2026-02-06,277.8599853515625,278.1199951171875,280.9100036621094,276.92999267578125,277.1199951171875,50453400,274.6199951171875
2026-02-09,274.6199951171875,274.6199951171875,278.20001220703125,271.70001220703125,277.9100036621094,44623400,273.67999267578125
2026-02-10,273.67999267578125,273.67999267578125,275.3699951171875,272.94000244140625,274.8900146484375,34376900,275.5
2026-02-11,275.5,275.5,280.17999267578125,274.45001220703125,274.70001220703125,51931300,261.7300109863281
2026-02-12,261.7300109863281,261.7300109863281,275.7200012207031,260.17999267578125,275.5899963378906,81077200,255.77999877929688
2026-02-13,255.77999877929688,255.77999877929688,262.2300109863281,255.4499969482422,262.010009765625,56290700,263.8800048828125
2026-02-17,263.8800048828125,263.8800048828125,266.2900085449219,255.5399932861328,258.04998779296875,58469100,264.3500061035156
2026-02-18,264.3500061035156,264.3500061035156,266.82000732421875,262.45001220703125,263.6000061035156,34203300,260.5799865722656
2026-02-19,260.5799865722656,260.5799865722656,264.4800109863281,260.04998779296875,262.6000061035156,30845300,264.5799865722656
2026-02-20,264.5799865722656,264.5799865722656,264.75,258.1600036621094,258.9700012207031,42070500,266.17999267578125
2026-02-23,266.17999267578125,266.17999267578125,269.42999267578125,263.3800048828125,263.489990234375,37308200,272.1400146484375
2026-02-24,272.1400146484375,272.1400146484375,274.8900146484375,267.7099914550781,267.8599853515625,47014600,274.2300109863281
2026-02-25,274.2300109863281,274.2300109863281,274.94000244140625,271.04998779296875,271.7799987792969,33714300,272.95001220703125
2026-02-26,272.95001220703125,272.95001220703125,276.1099853515625,270.79998779296875,274.95001220703125,32345100,264.17999267578125
2026-02-27,264.17999267578125,264.17999267578125,272.80999755859375,262.8900146484375,272.80999755859375,72366500,264.7200012207031
2026-03-02,264.7200012207031,264.7200012207031,266.5299987792969,260.20001220703125,262.4100036621094,41827900,263.75
2026-03-03,263.75,263.75,265.55999755859375,260.1300048828125,263.4800109863281,38568900,262.5199890136719
2026-03-04,262.5199890136719,262.5199890136719,266.1499938964844,261.4200134277344,264.6499938964844,39803100,260.2900085449219
2026-03-05,260.2900085449219,260.2900085449219,261.55999755859375,257.25,260.7900085449219,49658600,257.4599914550781
2026-03-06,257.4599914550781,257.4599914550781,258.7699890136719,254.3699951171875,258.6300048828125,41120000,259.8800048828125
2026-03-09,259.8800048828125,259.8800048828125,261.1499938964844,253.67999267578125,255.69000244140625,38218500,260.8299865722656
2026-03-10,260.8299865722656,260.8299865722656,262.4800109863281,256.95001220703125,257.6499938964844,30590800,260.80999755859375
2026-03-11,260.80999755859375,260.80999755859375,262.1300048828125,259.54998779296875,261.0899963378906,26218900,255.75999450683594
2026-03-12,255.75999450683594,255.75999450683594,258.95001220703125,254.17999267578125,258.6600036621094,40722700,253.7899932861328
